"","Iteration","Mean_Avg_Err"
"1",5,0.419653487818432
"2",10,0.278497379470029
"3",25,0.146745526751902
"4",50,0.0914391485378022
"5",100,0.0917123268458552
