"","rank.max","Mean_Avg_Err"
"1",1,0.770088146183692
"2",5,0.673608213645609
"3",10,0.608013111604586
"4",25,0.45608834707758
"5",50,0.26814324973025
"6",100,0.0916725980201296
